machine_id,timestamp,cycle,temperature,vibration,pressure,failure_probability_true,label
1,2026-07-10 18:13:09.701502,0,62.05,0.307,102.17,0.0,0
1,2026-07-10 18:18:09.701502,1,64.01,0.371,100.69,0.0,0
1,2026-07-10 18:23:09.701502,2,65.45,0.411,102.07,0.0,0
1,2026-07-10 18:28:09.701502,3,65.75,0.396,100.68,0.0,0
1,2026-07-10 18:33:09.701502,4,64.85,0.325,103.28,0.0,0
1,2026-07-10 18:38:09.701502,5,64.35,0.364,100.94,0.001,0
1,2026-07-10 18:43:09.701502,6,65.89,0.366,101.31,0.001,0
1,2026-07-10 18:48:09.701502,7,64.01,0.402,102.49,0.001,0
1,2026-07-10 18:53:09.701502,8,64.95,0.398,105.15,0.002,0
1,2026-07-10 18:58:09.701502,9,63.98,0.352,100.71,0.002,0
1,2026-07-10 19:03:09.701502,10,65.22,0.435,101.75,0.003,0
1,2026-07-10 19:08:09.701502,11,63.5,0.339,102.88,0.003,0
1,2026-07-10 19:13:09.701502,12,65.42,0.409,100.9,0.004,0
1,2026-07-10 19:18:09.701502,13,64.83,0.389,102.21,0.005,0
1,2026-07-10 19:23:09.701502,14,65.62,0.396,102.88,0.005,0
1,2026-07-10 19:28:09.701502,15,64.69,0.402,102.8,0.006,0
1,2026-07-10 19:33:09.701502,16,62.89,0.373,101.13,0.007,0
1,2026-07-10 19:38:09.701502,17,63.9,0.378,104.06,0.008,0
1,2026-07-10 19:43:09.701502,18,63.66,0.443,99.27,0.009,0
1,2026-07-10 19:48:09.701502,19,64.34,0.405,102.65,0.01,0
1,2026-07-10 19:53:09.701502,20,65.63,0.439,101.23,0.011,0
1,2026-07-10 19:58:09.701502,21,64.26,0.445,101.44,0.012,0
1,2026-07-10 20:03:09.701502,22,63.33,0.349,100.33,0.013,0
1,2026-07-10 20:08:09.701502,23,65.5,0.415,102.72,0.015,0
1,2026-07-10 20:13:09.701502,24,64.43,0.42,102.59,0.016,0
1,2026-07-10 20:18:09.701502,25,64.62,0.438,100.63,0.017,0
1,2026-07-10 20:23:09.701502,26,64.61,0.399,99.81,0.019,0
1,2026-07-10 20:28:09.701502,27,65.68,0.399,101.59,0.02,0
1,2026-07-10 20:33:09.701502,28,65.73,0.448,102.54,0.022,0
1,2026-07-10 20:38:09.701502,29,65.09,0.409,101.39,0.023,0
1,2026-07-10 20:43:09.701502,30,63.24,0.362,99.49,0.025,0
1,2026-07-10 20:48:09.701502,31,64.12,0.458,100.08,0.027,0
1,2026-07-10 20:53:09.701502,32,64.93,0.508,100.87,0.028,0
1,2026-07-10 20:58:09.701502,33,66.33,0.4,101.06,0.03,0
1,2026-07-10 21:03:09.701502,34,64.37,0.435,102.59,0.032,0
1,2026-07-10 21:08:09.701502,35,63.5,0.478,101.65,0.034,0
1,2026-07-10 21:13:09.701502,36,64.93,0.389,101.36,0.036,0
1,2026-07-10 21:18:09.701502,37,65.08,0.478,101.25,0.038,0
1,2026-07-10 21:23:09.701502,38,67.71,0.46,99.64,0.04,0
1,2026-07-10 21:28:09.701502,39,66.08,0.488,103.17,0.042,0
1,2026-07-10 21:33:09.701502,40,66.94,0.5,103.28,0.044,0
1,2026-07-10 21:38:09.701502,41,64.59,0.456,99.65,0.047,0
1,2026-07-10 21:43:09.701502,42,65.63,0.425,101.95,0.049,0
1,2026-07-10 21:48:09.701502,43,65.91,0.426,99.43,0.051,0
1,2026-07-10 21:53:09.701502,44,66.64,0.548,103.9,0.054,0
1,2026-07-10 21:58:09.701502,45,69.85,0.533,99.37,0.056,0
1,2026-07-10 22:03:09.701502,46,63.88,0.532,99.58,0.059,0
1,2026-07-10 22:08:09.701502,47,66.03,0.494,100.54,0.061,0
1,2026-07-10 22:13:09.701502,48,67.9,0.539,100.46,0.064,0
1,2026-07-10 22:18:09.701502,49,65.47,0.454,99.91,0.067,0
1,2026-07-10 22:23:09.701502,50,66.75,0.633,100.78,0.069,0
1,2026-07-10 22:28:09.701502,51,68.09,0.527,98.76,0.072,0
1,2026-07-10 22:33:09.701502,52,65.85,0.523,103.67,0.075,0
1,2026-07-10 22:38:09.701502,53,66.13,0.608,99.06,0.078,0
1,2026-07-10 22:43:09.701502,54,68.33,0.593,100.12,0.081,0
1,2026-07-10 22:48:09.701502,55,67.27,0.548,100.97,0.084,0
1,2026-07-10 22:53:09.701502,56,66.88,0.528,98.32,0.087,0
1,2026-07-10 22:58:09.701502,57,67.75,0.676,100.41,0.09,0
1,2026-07-10 23:03:09.701502,58,67.51,0.619,102.07,0.093,0
1,2026-07-10 23:08:09.701502,59,68.03,0.592,101.7,0.096,0
1,2026-07-10 23:13:09.701502,60,68.39,0.698,100.25,0.1,0
1,2026-07-10 23:18:09.701502,61,66.53,0.561,102.39,0.103,0
1,2026-07-10 23:23:09.701502,62,70.18,0.629,99.27,0.106,0
1,2026-07-10 23:28:09.701502,63,69.99,0.591,98.43,0.11,0
1,2026-07-10 23:33:09.701502,64,69.13,0.636,99.7,0.113,0
1,2026-07-10 23:38:09.701502,65,68.29,0.681,101.74,0.117,0
1,2026-07-10 23:43:09.701502,66,68.72,0.706,96.49,0.121,0
1,2026-07-10 23:48:09.701502,67,68.68,0.64,97.66,0.124,0
1,2026-07-10 23:53:09.701502,68,67.82,0.675,100.79,0.128,0
1,2026-07-10 23:58:09.701502,69,67.41,0.703,98.61,0.132,0
1,2026-07-11 00:03:09.701502,70,68.75,0.761,100.07,0.136,0
1,2026-07-11 00:08:09.701502,71,70.88,0.713,98.14,0.14,0
1,2026-07-11 00:13:09.701502,72,69.15,0.743,99.37,0.144,0
1,2026-07-11 00:18:09.701502,73,68.25,0.745,99.36,0.148,0
1,2026-07-11 00:23:09.701502,74,72.72,0.845,97.66,0.152,0
1,2026-07-11 00:28:09.701502,75,69.5,0.688,97.97,0.156,0
1,2026-07-11 00:33:09.701502,76,70.37,0.832,97.68,0.16,0
1,2026-07-11 00:38:09.701502,77,69.35,0.675,98.44,0.164,0
1,2026-07-11 00:43:09.701502,78,69.01,0.767,97.29,0.169,0
1,2026-07-11 00:48:09.701502,79,70.33,0.716,96.32,0.173,0
1,2026-07-11 00:53:09.701502,80,73.15,0.751,96.78,0.177,0
1,2026-07-11 00:58:09.701502,81,72.95,0.971,96.58,0.182,0
1,2026-07-11 01:03:09.701502,82,70.47,0.854,100.84,0.186,0
1,2026-07-11 01:08:09.701502,83,69.88,0.837,99.32,0.191,0
1,2026-07-11 01:13:09.701502,84,71.75,0.842,97.86,0.195,0
1,2026-07-11 01:18:09.701502,85,69.74,0.86,97.57,0.2,0
1,2026-07-11 01:23:09.701502,86,71.84,0.856,98.58,0.205,0
1,2026-07-11 01:28:09.701502,87,72.94,0.904,98.31,0.21,0
1,2026-07-11 01:33:09.701502,88,71.96,0.908,96.6,0.215,0
1,2026-07-11 01:38:09.701502,89,72.45,0.915,100.73,0.219,0
1,2026-07-11 01:43:09.701502,90,74.13,0.952,96.34,0.224,0
1,2026-07-11 01:48:09.701502,91,71.08,1.005,97.78,0.229,0
1,2026-07-11 01:53:09.701502,92,73.17,0.871,98.68,0.234,0
1,2026-07-11 01:58:09.701502,93,73.32,0.915,96.47,0.24,0
1,2026-07-11 02:03:09.701502,94,73.27,0.986,96.64,0.245,0
1,2026-07-11 02:08:09.701502,95,73.01,0.984,97.2,0.25,0
1,2026-07-11 02:13:09.701502,96,75.09,0.882,96.51,0.255,0
1,2026-07-11 02:18:09.701502,97,73.72,1.038,96.2,0.261,0
1,2026-07-11 02:23:09.701502,98,71.59,1.053,99.24,0.266,0
1,2026-07-11 02:28:09.701502,99,72.05,1.094,96.05,0.271,0
1,2026-07-11 02:33:09.701502,100,74.01,1.012,95.93,0.277,0
1,2026-07-11 02:38:09.701502,101,75.84,1.107,98.92,0.283,0
1,2026-07-11 02:43:09.701502,102,75.89,1.114,98.83,0.288,0
1,2026-07-11 02:48:09.701502,103,75.2,1.148,95.65,0.294,0
1,2026-07-11 02:53:09.701502,104,74.96,1.086,97.47,0.3,0
1,2026-07-11 02:58:09.701502,105,73.66,1.174,95.58,0.305,0
1,2026-07-11 03:03:09.701502,106,76.69,1.187,98.48,0.311,0
1,2026-07-11 03:08:09.701502,107,76.37,1.086,95.53,0.317,0
1,2026-07-11 03:13:09.701502,108,74.29,1.154,97.78,0.323,0
1,2026-07-11 03:18:09.701502,109,76.67,1.16,93.87,0.329,0
1,2026-07-11 03:23:09.701502,110,76.16,1.149,94.26,0.335,0
1,2026-07-11 03:28:09.701502,111,76.71,1.283,96.06,0.341,0
1,2026-07-11 03:33:09.701502,112,73.8,1.256,95.13,0.347,0
1,2026-07-11 03:38:09.701502,113,77.27,1.337,91.8,0.354,0
1,2026-07-11 03:43:09.701502,114,76.28,1.301,92.4,0.36,0
1,2026-07-11 03:48:09.701502,115,78.98,1.306,95.92,0.366,0
1,2026-07-11 03:53:09.701502,116,76.75,1.344,96.12,0.373,0
1,2026-07-11 03:58:09.701502,117,77.94,1.331,94.8,0.379,0
1,2026-07-11 04:03:09.701502,118,76.85,1.329,94.03,0.386,0
1,2026-07-11 04:08:09.701502,119,78.58,1.402,92.54,0.392,0
1,2026-07-11 04:13:09.701502,120,78.2,1.443,92.88,0.399,0
1,2026-07-11 04:18:09.701502,121,77.6,1.396,95.13,0.406,0
1,2026-07-11 04:23:09.701502,122,78.83,1.469,95.01,0.412,0
1,2026-07-11 04:28:09.701502,123,80.07,1.447,97.08,0.419,0
1,2026-07-11 04:33:09.701502,124,79.05,1.336,95.86,0.426,0
1,2026-07-11 04:38:09.701502,125,78.99,1.459,95.28,0.433,0
1,2026-07-11 04:43:09.701502,126,77.86,1.409,90.78,0.44,0
1,2026-07-11 04:48:09.701502,127,79.07,1.511,93.82,0.447,0
1,2026-07-11 04:53:09.701502,128,80.61,1.436,89.43,0.454,0
1,2026-07-11 04:58:09.701502,129,80.59,1.501,93.44,0.461,0
1,2026-07-11 05:03:09.701502,130,81.62,1.549,93.75,0.468,0
1,2026-07-11 05:08:09.701502,131,81.3,1.587,91.41,0.475,0
1,2026-07-11 05:13:09.701502,132,81.07,1.588,93.55,0.483,0
1,2026-07-11 05:18:09.701502,133,81.07,1.623,91.77,0.49,0
1,2026-07-11 05:23:09.701502,134,81.66,1.657,89.04,0.497,0
1,2026-07-11 05:28:09.701502,135,80.5,1.56,88.38,0.505,0
1,2026-07-11 05:33:09.701502,136,81.51,1.69,91.3,0.512,0
1,2026-07-11 05:38:09.701502,137,82.82,1.726,93.57,0.52,0
1,2026-07-11 05:43:09.701502,138,82.77,1.758,91.56,0.528,0
1,2026-07-11 05:48:09.701502,139,82.12,1.68,89.05,0.535,0
1,2026-07-11 05:53:09.701502,140,82.33,1.711,92.32,0.543,0
1,2026-07-11 05:58:09.701502,141,85.73,1.679,91.55,0.551,0
1,2026-07-11 06:03:09.701502,142,82.69,1.792,90.61,0.559,0
1,2026-07-11 06:08:09.701502,143,82.02,1.834,89.74,0.566,0
1,2026-07-11 06:13:09.701502,144,83.85,1.754,89.5,0.574,0
1,2026-07-11 06:18:09.701502,145,85.29,1.818,90.82,0.582,0
1,2026-07-11 06:23:09.701502,146,85.49,1.914,89.65,0.59,0
1,2026-07-11 06:28:09.701502,147,83.57,1.922,89.5,0.599,0
1,2026-07-11 06:33:09.701502,148,86.96,1.908,89.64,0.607,0
1,2026-07-11 06:38:09.701502,149,86.33,2.007,92.79,0.615,0
1,2026-07-11 06:43:09.701502,150,86.29,1.938,91.12,0.623,0
1,2026-07-11 06:48:09.701502,151,85.48,1.967,89.3,0.632,0
1,2026-07-11 06:53:09.701502,152,87.17,1.93,86.79,0.64,0
1,2026-07-11 06:58:09.701502,153,84.6,1.937,88.32,0.648,0
1,2026-07-11 07:03:09.701502,154,87.03,2.111,90.49,0.657,0
1,2026-07-11 07:08:09.701502,155,86.53,2.053,88.05,0.666,0
1,2026-07-11 07:13:09.701502,156,87.64,2.066,89.42,0.674,0
1,2026-07-11 07:18:09.701502,157,87.88,2.132,86.6,0.683,0
1,2026-07-11 07:23:09.701502,158,88.6,2.23,88.48,0.692,0
1,2026-07-11 07:28:09.701502,159,90.62,2.127,88.84,0.7,0
1,2026-07-11 07:33:09.701502,160,89.14,2.136,86.62,0.709,0
1,2026-07-11 07:38:09.701502,161,90.04,2.124,88.61,0.718,0
1,2026-07-11 07:43:09.701502,162,91.14,2.207,87.0,0.727,0
1,2026-07-11 07:48:09.701502,163,90.69,2.196,88.66,0.736,0
1,2026-07-11 07:53:09.701502,164,88.27,2.218,84.09,0.745,0
1,2026-07-11 07:58:09.701502,165,88.99,2.325,88.23,0.754,0
1,2026-07-11 08:03:09.701502,166,90.24,2.205,82.26,0.763,0
1,2026-07-11 08:08:09.701502,167,90.78,2.424,87.18,0.773,0
1,2026-07-11 08:13:09.701502,168,91.08,2.35,84.0,0.782,0
1,2026-07-11 08:18:09.701502,169,91.72,2.355,86.02,0.791,0
1,2026-07-11 08:23:09.701502,170,93.36,2.39,86.97,0.801,0
1,2026-07-11 08:28:09.701502,171,91.91,2.442,88.22,0.81,0
1,2026-07-11 08:33:09.701502,172,91.91,2.376,87.59,0.82,0
1,2026-07-11 08:38:09.701502,173,93.18,2.515,84.73,0.829,0
1,2026-07-11 08:43:09.701502,174,95.49,2.475,85.59,0.839,0
1,2026-07-11 08:48:09.701502,175,95.96,2.474,83.6,0.848,1
1,2026-07-11 08:53:09.701502,176,93.88,2.539,82.46,0.858,1
1,2026-07-11 08:58:09.701502,177,95.53,2.514,86.34,0.868,1
1,2026-07-11 09:03:09.701502,178,92.23,2.527,81.89,0.878,1
1,2026-07-11 09:08:09.701502,179,94.46,2.603,83.95,0.888,1
1,2026-07-11 09:13:09.701502,180,95.5,2.608,84.33,0.898,1
1,2026-07-11 09:18:09.701502,181,94.94,2.676,84.82,0.908,1
1,2026-07-11 09:23:09.701502,182,96.97,2.693,84.07,0.918,1
1,2026-07-11 09:28:09.701502,183,99.3,2.687,82.96,0.928,1
1,2026-07-11 09:33:09.701502,184,96.31,2.665,81.35,0.938,1
1,2026-07-11 09:38:09.701502,185,96.5,2.738,83.51,0.948,1
1,2026-07-11 09:43:09.701502,186,97.99,2.729,84.16,0.958,1
1,2026-07-11 09:48:09.701502,187,99.18,2.785,81.62,0.969,1
1,2026-07-11 09:53:09.701502,188,99.31,2.829,80.22,0.979,1
1,2026-07-11 09:58:09.701502,189,98.94,2.859,80.83,0.99,1
1,2026-07-11 10:03:09.701502,190,99.62,2.799,83.98,1.0,1
1,2026-07-11 10:08:09.701502,191,101.26,2.885,82.31,1.0,1
1,2026-07-11 10:13:09.701502,192,97.24,2.867,81.11,1.0,1
1,2026-07-11 10:18:09.701502,193,99.22,2.987,84.33,1.0,1
1,2026-07-11 10:23:09.701502,194,99.47,2.936,81.48,1.0,1
1,2026-07-11 10:28:09.701502,195,103.19,2.944,81.28,1.0,1
1,2026-07-11 10:33:09.701502,196,103.82,2.95,78.77,1.0,1
1,2026-07-11 10:38:09.701502,197,101.51,3.033,81.69,1.0,1
1,2026-07-11 10:43:09.701502,198,102.69,2.998,81.03,1.0,1
1,2026-07-11 10:48:09.701502,199,102.09,3.178,79.09,1.0,1
1,2026-07-11 10:53:09.701502,200,102.41,3.169,80.96,1.0,1
1,2026-07-11 10:58:09.701502,201,104.1,3.085,80.4,1.0,1
1,2026-07-11 11:03:09.701502,202,102.71,3.209,77.23,1.0,1
1,2026-07-11 11:08:09.701502,203,104.88,3.185,77.22,1.0,1
1,2026-07-11 11:13:09.701502,204,105.59,3.266,78.0,1.0,1
1,2026-07-11 11:18:09.701502,205,106.87,3.26,78.74,1.0,1
1,2026-07-11 11:23:09.701502,206,105.85,3.28,79.17,1.0,1
1,2026-07-11 11:28:09.701502,207,105.29,3.319,80.28,1.0,1
1,2026-07-11 11:33:09.701502,208,105.09,3.247,80.42,1.0,1
1,2026-07-11 11:38:09.701502,209,109.8,3.376,74.87,1.0,1
1,2026-07-11 11:43:09.701502,210,106.77,3.411,77.26,1.0,1
1,2026-07-11 11:48:09.701502,211,106.22,3.484,78.1,1.0,1
1,2026-07-11 11:53:09.701502,212,106.17,3.519,80.15,1.0,1
1,2026-07-11 11:58:09.701502,213,108.58,3.497,76.63,1.0,1
1,2026-07-11 12:03:09.701502,214,109.53,3.457,76.85,1.0,1
1,2026-07-11 12:08:09.701502,215,108.74,3.665,76.1,1.0,1
1,2026-07-11 12:13:09.701502,216,111.62,3.548,77.01,1.0,1
1,2026-07-11 12:18:09.701502,217,110.43,3.589,76.15,1.0,1
1,2026-07-11 12:23:09.701502,218,111.92,3.647,73.11,1.0,1
1,2026-07-11 12:28:09.701502,219,110.87,3.648,74.89,1.0,1
1,2026-07-11 12:33:09.701502,220,111.22,3.638,72.74,1.0,1
1,2026-07-11 12:38:09.701502,221,112.32,3.728,71.07,1.0,1
1,2026-07-11 12:43:09.701502,222,113.11,3.798,73.6,1.0,1
1,2026-07-11 12:48:09.701502,223,111.02,3.857,74.95,1.0,1
1,2026-07-11 12:53:09.701502,224,115.89,3.868,74.76,1.0,1
1,2026-07-11 12:58:09.701502,225,113.27,3.918,74.86,1.0,1
1,2026-07-11 13:03:09.701502,226,115.41,3.883,73.02,1.0,1
1,2026-07-11 13:08:09.701502,227,113.77,3.98,75.67,1.0,1
1,2026-07-11 13:13:09.701502,228,114.24,3.95,73.64,1.0,1
1,2026-07-11 13:18:09.701502,229,114.94,4.051,69.54,1.0,1
1,2026-07-11 13:23:09.701502,230,114.68,3.996,69.19,1.0,1
1,2026-07-11 13:28:09.701502,231,114.97,4.021,72.11,1.0,1
1,2026-07-11 13:33:09.701502,232,117.91,4.087,70.61,1.0,1
1,2026-07-11 13:38:09.701502,233,116.96,4.184,70.43,1.0,1
1,2026-07-11 13:43:09.701502,234,116.38,4.192,71.31,1.0,1
1,2026-07-11 13:48:09.701502,235,118.71,4.195,72.43,1.0,1
1,2026-07-11 13:53:09.701502,236,117.15,4.228,70.8,1.0,1
1,2026-07-11 13:58:09.701502,237,117.39,4.183,71.88,1.0,1
1,2026-07-11 14:03:09.701502,238,118.89,4.243,70.45,1.0,1
1,2026-07-11 14:08:09.701502,239,121.12,4.213,68.08,1.0,1
1,2026-07-11 14:13:09.701502,240,119.13,4.434,70.49,1.0,1
1,2026-07-11 14:18:09.701502,241,121.62,4.337,68.12,1.0,1
1,2026-07-11 14:23:09.701502,242,121.71,4.43,70.35,1.0,1
1,2026-07-11 14:28:09.701502,243,121.41,4.475,69.5,1.0,1
1,2026-07-11 14:33:09.701502,244,123.04,4.535,66.56,1.0,1
1,2026-07-11 14:38:09.701502,245,119.89,4.579,70.5,1.0,1
1,2026-07-11 14:43:09.701502,246,121.84,4.47,68.6,1.0,1
1,2026-07-11 14:48:09.701502,247,124.66,4.687,68.95,1.0,1
1,2026-07-11 14:53:09.701502,248,123.57,4.586,67.92,1.0,1
1,2026-07-11 14:58:09.701502,249,124.14,4.615,70.7,1.0,1
1,2026-07-11 15:03:09.701502,250,127.13,4.757,65.97,1.0,1
1,2026-07-11 15:08:09.701502,251,126.5,4.767,67.73,1.0,1
1,2026-07-11 15:13:09.701502,252,127.46,4.801,67.9,1.0,1
1,2026-07-11 15:18:09.701502,253,127.21,4.822,63.84,1.0,1
1,2026-07-11 15:23:09.701502,254,127.04,4.812,64.31,1.0,1
1,2026-07-11 15:28:09.701502,255,129.45,4.961,67.99,1.0,1
1,2026-07-11 15:33:09.701502,256,128.23,4.978,65.68,1.0,1
1,2026-07-11 15:38:09.701502,257,128.67,4.891,65.98,1.0,1
1,2026-07-11 15:43:09.701502,258,129.0,4.916,65.02,1.0,1
1,2026-07-11 15:48:09.701502,259,129.33,5.107,66.15,1.0,1
1,2026-07-11 15:53:09.701502,260,129.94,5.066,64.59,1.0,1
1,2026-07-11 15:58:09.701502,261,130.19,5.035,64.01,1.0,1
1,2026-07-11 16:03:09.701502,262,130.05,5.063,64.71,1.0,1
1,2026-07-11 16:08:09.701502,263,131.92,5.072,63.47,1.0,1
1,2026-07-11 16:13:09.701502,264,133.16,5.251,64.9,1.0,1
1,2026-07-11 16:18:09.701502,265,132.52,5.193,61.44,1.0,1
1,2026-07-11 16:23:09.701502,266,133.4,5.291,64.7,1.0,1
1,2026-07-11 16:28:09.701502,267,134.83,5.302,60.61,1.0,1
1,2026-07-11 16:33:09.701502,268,133.64,5.357,61.88,1.0,1
1,2026-07-11 16:38:09.701502,269,133.85,5.396,61.13,1.0,1
1,2026-07-11 16:43:09.701502,270,134.31,5.436,60.98,1.0,1
1,2026-07-11 16:48:09.701502,271,135.88,5.471,59.58,1.0,1
1,2026-07-11 16:53:09.701502,272,135.54,5.567,59.24,1.0,1
1,2026-07-11 16:58:09.701502,273,134.11,5.44,60.73,1.0,1
1,2026-07-11 17:03:09.701502,274,137.21,5.565,62.2,1.0,1
1,2026-07-11 17:08:09.701502,275,134.5,5.629,62.42,1.0,1
1,2026-07-11 17:13:09.701502,276,136.89,5.628,58.64,1.0,1
1,2026-07-11 17:18:09.701502,277,137.71,5.669,61.61,1.0,1
1,2026-07-11 17:23:09.701502,278,141.52,5.707,62.01,1.0,1
1,2026-07-11 17:28:09.701502,279,139.9,5.85,58.71,1.0,1
1,2026-07-11 17:33:09.701502,280,140.56,5.819,63.31,1.0,1
1,2026-07-11 17:38:09.701502,281,141.97,5.805,59.68,1.0,1
1,2026-07-11 17:43:09.701502,282,141.06,5.854,59.28,1.0,1
1,2026-07-11 17:48:09.701502,283,142.07,5.932,57.62,1.0,1
1,2026-07-11 17:53:09.701502,284,142.99,5.979,54.38,1.0,1
1,2026-07-11 17:58:09.701502,285,143.94,5.948,54.81,1.0,1
1,2026-07-11 18:03:09.701502,286,143.62,6.04,55.62,1.0,1
1,2026-07-11 18:08:09.701502,287,145.25,6.009,55.73,1.0,1
1,2026-07-11 18:13:09.701502,288,144.1,6.113,56.44,1.0,1
1,2026-07-11 18:18:09.701502,289,144.16,6.192,55.8,1.0,1
1,2026-07-11 18:23:09.701502,290,143.66,6.098,55.36,1.0,1
1,2026-07-11 18:28:09.701502,291,146.22,6.231,55.02,1.0,1
1,2026-07-11 18:33:09.701502,292,147.33,6.324,53.07,1.0,1
1,2026-07-11 18:38:09.701502,293,146.22,6.262,54.85,1.0,1
1,2026-07-11 18:43:09.701502,294,149.68,6.336,50.33,1.0,1
1,2026-07-11 18:48:09.701502,295,146.72,6.357,52.92,1.0,1
1,2026-07-11 18:53:09.701502,296,148.84,6.441,52.97,1.0,1
1,2026-07-11 18:58:09.701502,297,151.17,6.447,51.81,1.0,1
1,2026-07-11 19:03:09.701502,298,151.06,6.445,53.36,1.0,1
1,2026-07-11 19:08:09.701502,299,151.19,6.556,54.83,1.0,1
2,2026-07-10 18:13:09.701502,0,67.88,0.228,102.35,0.0,0
2,2026-07-10 18:18:09.701502,1,68.51,0.244,104.79,0.0,0
2,2026-07-10 18:23:09.701502,2,68.67,0.274,105.7,0.0,0
2,2026-07-10 18:28:09.701502,3,71.14,0.251,106.0,0.0,0
2,2026-07-10 18:33:09.701502,4,67.17,0.209,102.66,0.0,0
2,2026-07-10 18:38:09.701502,5,69.57,0.196,103.71,0.0,0
2,2026-07-10 18:43:09.701502,6,71.69,0.217,104.57,0.0,0
2,2026-07-10 18:48:09.701502,7,69.16,0.23,103.96,0.001,0
2,2026-07-10 18:53:09.701502,8,69.98,0.285,106.42,0.001,0
2,2026-07-10 18:58:09.701502,9,69.83,0.256,102.21,0.001,0
2,2026-07-10 19:03:09.701502,10,69.36,0.275,105.23,0.001,0
2,2026-07-10 19:08:09.701502,11,69.73,0.273,104.66,0.002,0
2,2026-07-10 19:13:09.701502,12,70.92,0.243,103.39,0.002,0
2,2026-07-10 19:18:09.701502,13,69.9,0.083,104.49,0.002,0
2,2026-07-10 19:23:09.701502,14,65.13,0.145,104.59,0.003,0
2,2026-07-10 19:28:09.701502,15,70.09,0.174,102.83,0.003,0
2,2026-07-10 19:33:09.701502,16,71.18,0.209,107.26,0.003,0
2,2026-07-10 19:38:09.701502,17,69.55,0.254,106.31,0.004,0
2,2026-07-10 19:43:09.701502,18,69.73,0.185,103.71,0.004,0
2,2026-07-10 19:48:09.701502,19,69.54,0.168,103.48,0.005,0
2,2026-07-10 19:53:09.701502,20,68.71,0.284,103.91,0.005,0
2,2026-07-10 19:58:09.701502,21,69.28,0.234,104.18,0.006,0
2,2026-07-10 20:03:09.701502,22,70.38,0.191,102.27,0.007,0
2,2026-07-10 20:08:09.701502,23,70.99,0.221,101.69,0.007,0
2,2026-07-10 20:13:09.701502,24,70.22,0.267,101.51,0.008,0
2,2026-07-10 20:18:09.701502,25,69.99,0.282,104.35,0.008,0
2,2026-07-10 20:23:09.701502,26,70.49,0.177,104.28,0.009,0
2,2026-07-10 20:28:09.701502,27,69.4,0.225,105.07,0.01,0
2,2026-07-10 20:33:09.701502,28,71.56,0.34,105.72,0.011,0
2,2026-07-10 20:38:09.701502,29,69.68,0.27,104.88,0.011,0
2,2026-07-10 20:43:09.701502,30,69.99,0.261,104.95,0.012,0
2,2026-07-10 20:48:09.701502,31,69.8,0.22,103.08,0.013,0
2,2026-07-10 20:53:09.701502,32,70.66,0.259,104.19,0.014,0
2,2026-07-10 20:58:09.701502,33,70.73,0.242,104.8,0.015,0
2,2026-07-10 21:03:09.701502,34,70.42,0.201,105.81,0.016,0
2,2026-07-10 21:08:09.701502,35,69.39,0.183,102.06,0.017,0
2,2026-07-10 21:13:09.701502,36,68.8,0.271,103.2,0.018,0
2,2026-07-10 21:18:09.701502,37,69.66,0.301,104.1,0.019,0
2,2026-07-10 21:23:09.701502,38,70.48,0.293,104.5,0.02,0
2,2026-07-10 21:28:09.701502,39,67.61,0.257,100.28,0.021,0
2,2026-07-10 21:33:09.701502,40,70.22,0.278,105.1,0.022,0
2,2026-07-10 21:38:09.701502,41,71.64,0.291,102.76,0.023,0
2,2026-07-10 21:43:09.701502,42,70.83,0.257,103.48,0.024,0
2,2026-07-10 21:48:09.701502,43,71.47,0.259,104.67,0.025,0
2,2026-07-10 21:53:09.701502,44,71.14,0.242,104.9,0.026,0
2,2026-07-10 21:58:09.701502,45,71.21,0.298,102.27,0.027,0
2,2026-07-10 22:03:09.701502,46,69.39,0.269,104.2,0.029,0
2,2026-07-10 22:08:09.701502,47,69.31,0.321,101.5,0.03,0
2,2026-07-10 22:13:09.701502,48,70.26,0.307,107.01,0.031,0
2,2026-07-10 22:18:09.701502,49,68.9,0.379,103.54,0.032,0
2,2026-07-10 22:23:09.701502,50,71.09,0.315,103.95,0.034,0
2,2026-07-10 22:28:09.701502,51,70.46,0.385,102.57,0.035,0
2,2026-07-10 22:33:09.701502,52,72.05,0.283,103.14,0.037,0
2,2026-07-10 22:38:09.701502,53,69.46,0.342,105.37,0.038,0
2,2026-07-10 22:43:09.701502,54,70.7,0.313,101.5,0.039,0
2,2026-07-10 22:48:09.701502,55,70.57,0.247,101.77,0.041,0
2,2026-07-10 22:53:09.701502,56,71.17,0.396,107.33,0.042,0
2,2026-07-10 22:58:09.701502,57,70.25,0.406,103.45,0.044,0
2,2026-07-10 23:03:09.701502,58,70.83,0.359,103.14,0.045,0
2,2026-07-10 23:08:09.701502,59,71.19,0.321,100.92,0.047,0
2,2026-07-10 23:13:09.701502,60,69.27,0.378,102.57,0.049,0
2,2026-07-10 23:18:09.701502,61,70.46,0.35,104.15,0.05,0
2,2026-07-10 23:23:09.701502,62,71.45,0.321,104.76,0.052,0
2,2026-07-10 23:28:09.701502,63,73.19,0.383,104.35,0.054,0
2,2026-07-10 23:33:09.701502,64,72.84,0.419,103.78,0.055,0
2,2026-07-10 23:38:09.701502,65,72.13,0.393,101.17,0.057,0
2,2026-07-10 23:43:09.701502,66,72.32,0.304,101.59,0.059,0
2,2026-07-10 23:48:09.701502,67,73.1,0.418,104.98,0.061,0
2,2026-07-10 23:53:09.701502,68,71.28,0.323,102.35,0.062,0
2,2026-07-10 23:58:09.701502,69,71.79,0.389,104.37,0.064,0
2,2026-07-11 00:03:09.701502,70,71.3,0.407,101.15,0.066,0
2,2026-07-11 00:08:09.701502,71,72.34,0.395,101.47,0.068,0
2,2026-07-11 00:13:09.701502,72,71.58,0.39,102.15,0.07,0
2,2026-07-11 00:18:09.701502,73,74.06,0.399,102.15,0.072,0
2,2026-07-11 00:23:09.701502,74,69.49,0.364,102.09,0.074,0
2,2026-07-11 00:28:09.701502,75,71.25,0.483,102.19,0.076,0
2,2026-07-11 00:33:09.701502,76,73.69,0.422,102.46,0.078,0
2,2026-07-11 00:38:09.701502,77,72.11,0.425,104.94,0.08,0
2,2026-07-11 00:43:09.701502,78,69.51,0.33,101.5,0.082,0
2,2026-07-11 00:48:09.701502,79,72.39,0.47,102.98,0.084,0
2,2026-07-11 00:53:09.701502,80,71.98,0.491,103.78,0.087,0
2,2026-07-11 00:58:09.701502,81,72.74,0.494,102.6,0.089,0
2,2026-07-11 01:03:09.701502,82,71.92,0.486,102.31,0.091,0
2,2026-07-11 01:08:09.701502,83,72.68,0.531,98.42,0.093,0
2,2026-07-11 01:13:09.701502,84,71.05,0.403,101.51,0.095,0
2,2026-07-11 01:18:09.701502,85,72.53,0.393,100.53,0.098,0
2,2026-07-11 01:23:09.701502,86,71.88,0.597,104.66,0.1,0
2,2026-07-11 01:28:09.701502,87,72.5,0.462,100.19,0.102,0
2,2026-07-11 01:33:09.701502,88,70.79,0.48,100.37,0.105,0
2,2026-07-11 01:38:09.701502,89,73.06,0.412,100.68,0.107,0
2,2026-07-11 01:43:09.701502,90,73.43,0.516,102.4,0.109,0
2,2026-07-11 01:48:09.701502,91,71.75,0.547,100.52,0.112,0
2,2026-07-11 01:53:09.701502,92,74.18,0.51,99.61,0.114,0
2,2026-07-11 01:58:09.701502,93,73.13,0.535,102.54,0.117,0
2,2026-07-11 02:03:09.701502,94,73.43,0.599,103.08,0.119,0
2,2026-07-11 02:08:09.701502,95,73.38,0.567,104.42,0.122,0
2,2026-07-11 02:13:09.701502,96,76.13,0.474,100.08,0.125,0
2,2026-07-11 02:18:09.701502,97,75.65,0.489,99.43,0.127,0
2,2026-07-11 02:23:09.701502,98,73.38,0.57,101.21,0.13,0
2,2026-07-11 02:28:09.701502,99,73.27,0.522,100.24,0.132,0
2,2026-07-11 02:33:09.701502,100,73.09,0.676,101.7,0.135,0
2,2026-07-11 02:38:09.701502,101,75.31,0.544,100.92,0.138,0
2,2026-07-11 02:43:09.701502,102,73.48,0.443,99.08,0.141,0
2,2026-07-11 02:48:09.701502,103,72.26,0.47,99.3,0.143,0
2,2026-07-11 02:53:09.701502,104,76.12,0.587,102.97,0.146,0
2,2026-07-11 02:58:09.701502,105,75.12,0.636,99.63,0.149,0
2,2026-07-11 03:03:09.701502,106,75.36,0.64,100.06,0.152,0
2,2026-07-11 03:08:09.701502,107,75.5,0.639,100.04,0.155,0
2,2026-07-11 03:13:09.701502,108,73.59,0.559,100.94,0.158,0
2,2026-07-11 03:18:09.701502,109,75.43,0.586,100.79,0.161,0
2,2026-07-11 03:23:09.701502,110,75.82,0.664,103.02,0.164,0
2,2026-07-11 03:28:09.701502,111,76.78,0.59,103.16,0.167,0
2,2026-07-11 03:33:09.701502,112,74.71,0.7,100.67,0.17,0
2,2026-07-11 03:38:09.701502,113,74.96,0.565,100.25,0.173,0
2,2026-07-11 03:43:09.701502,114,73.69,0.712,102.72,0.176,0
2,2026-07-11 03:48:09.701502,115,74.72,0.686,99.3,0.179,0
2,2026-07-11 03:53:09.701502,116,75.03,0.718,100.27,0.182,0
2,2026-07-11 03:58:09.701502,117,77.98,0.663,101.76,0.185,0
2,2026-07-11 04:03:09.701502,118,76.12,0.734,99.53,0.188,0
2,2026-07-11 04:08:09.701502,119,76.06,0.697,98.88,0.191,0
2,2026-07-11 04:13:09.701502,120,77.02,0.743,100.96,0.195,0
2,2026-07-11 04:18:09.701502,121,78.19,0.791,99.44,0.198,0
2,2026-07-11 04:23:09.701502,122,76.9,0.696,99.97,0.201,0
2,2026-07-11 04:28:09.701502,123,75.85,0.816,100.42,0.204,0
2,2026-07-11 04:33:09.701502,124,76.43,0.803,96.55,0.208,0
2,2026-07-11 04:38:09.701502,125,74.39,0.792,99.83,0.211,0
2,2026-07-11 04:43:09.701502,126,77.23,0.694,99.63,0.215,0
2,2026-07-11 04:48:09.701502,127,79.45,0.81,99.86,0.218,0
2,2026-07-11 04:53:09.701502,128,76.64,0.758,96.34,0.221,0
2,2026-07-11 04:58:09.701502,129,77.6,0.829,97.1,0.225,0
2,2026-07-11 05:03:09.701502,130,76.62,0.737,97.94,0.228,0
2,2026-07-11 05:08:09.701502,131,77.6,0.7,100.24,0.232,0
2,2026-07-11 05:13:09.701502,132,78.56,0.8,95.53,0.236,0
2,2026-07-11 05:18:09.701502,133,76.59,0.884,95.01,0.239,0
2,2026-07-11 05:23:09.701502,134,77.49,0.772,100.31,0.243,0
2,2026-07-11 05:28:09.701502,135,77.23,0.86,99.88,0.246,0
2,2026-07-11 05:33:09.701502,136,80.37,0.839,99.53,0.25,0
2,2026-07-11 05:38:09.701502,137,76.51,0.918,97.75,0.254,0
2,2026-07-11 05:43:09.701502,138,77.75,0.867,96.47,0.257,0
2,2026-07-11 05:48:09.701502,139,78.83,0.925,99.18,0.261,0
2,2026-07-11 05:53:09.701502,140,76.78,0.88,99.78,0.265,0
2,2026-07-11 05:58:09.701502,141,76.57,0.842,99.9,0.269,0
2,2026-07-11 06:03:09.701502,142,79.28,0.926,101.3,0.273,0
2,2026-07-11 06:08:09.701502,143,79.65,0.948,102.5,0.276,0
2,2026-07-11 06:13:09.701502,144,78.97,0.885,99.0,0.28,0
2,2026-07-11 06:18:09.701502,145,79.89,0.908,96.73,0.284,0
2,2026-07-11 06:23:09.701502,146,82.27,0.961,97.1,0.288,0
2,2026-07-11 06:28:09.701502,147,80.74,0.949,97.74,0.292,0
2,2026-07-11 06:33:09.701502,148,80.45,0.9,98.57,0.296,0
2,2026-07-11 06:38:09.701502,149,82.21,0.998,97.4,0.3,0
2,2026-07-11 06:43:09.701502,150,79.45,0.964,97.5,0.304,0
2,2026-07-11 06:48:09.701502,151,79.75,1.04,95.2,0.308,0
2,2026-07-11 06:53:09.701502,152,81.38,0.986,98.28,0.312,0
2,2026-07-11 06:58:09.701502,153,79.14,1.082,99.5,0.316,0
2,2026-07-11 07:03:09.701502,154,81.79,0.95,98.79,0.321,0
2,2026-07-11 07:08:09.701502,155,81.27,0.956,97.43,0.325,0
2,2026-07-11 07:13:09.701502,156,81.37,1.074,97.65,0.329,0
2,2026-07-11 07:18:09.701502,157,81.43,1.131,99.14,0.333,0
2,2026-07-11 07:23:09.701502,158,77.78,1.052,96.97,0.337,0
2,2026-07-11 07:28:09.701502,159,79.27,1.083,99.0,0.342,0
2,2026-07-11 07:33:09.701502,160,80.22,1.106,95.67,0.346,0
2,2026-07-11 07:38:09.701502,161,80.87,1.174,96.14,0.35,0
2,2026-07-11 07:43:09.701502,162,82.39,1.017,99.66,0.355,0
2,2026-07-11 07:48:09.701502,163,82.71,1.113,97.64,0.359,0
2,2026-07-11 07:53:09.701502,164,80.45,1.192,96.2,0.364,0
2,2026-07-11 07:58:09.701502,165,82.05,1.12,95.73,0.368,0
2,2026-07-11 08:03:09.701502,166,83.29,1.168,97.49,0.372,0
2,2026-07-11 08:08:09.701502,167,82.6,1.192,95.79,0.377,0
2,2026-07-11 08:13:09.701502,168,85.44,1.099,98.22,0.381,0
2,2026-07-11 08:18:09.701502,169,84.57,1.147,99.58,0.386,0
2,2026-07-11 08:23:09.701502,170,84.28,1.249,96.19,0.391,0
2,2026-07-11 08:28:09.701502,171,82.99,1.202,96.64,0.395,0
2,2026-07-11 08:33:09.701502,172,85.09,1.233,94.6,0.4,0
2,2026-07-11 08:38:09.701502,173,84.56,1.282,96.85,0.405,0
2,2026-07-11 08:43:09.701502,174,84.63,1.234,94.38,0.409,0
2,2026-07-11 08:48:09.701502,175,82.86,1.177,96.04,0.414,0
2,2026-07-11 08:53:09.701502,176,83.97,1.249,91.15,0.419,0
2,2026-07-11 08:58:09.701502,177,82.74,1.339,94.5,0.423,0
2,2026-07-11 09:03:09.701502,178,84.84,1.225,97.55,0.428,0
2,2026-07-11 09:08:09.701502,179,84.4,1.321,98.79,0.433,0
2,2026-07-11 09:13:09.701502,180,86.56,1.304,94.31,0.438,0
2,2026-07-11 09:18:09.701502,181,84.52,1.357,94.95,0.443,0
2,2026-07-11 09:23:09.701502,182,84.61,1.417,94.84,0.448,0
2,2026-07-11 09:28:09.701502,183,88.02,1.36,97.59,0.453,0
2,2026-07-11 09:33:09.701502,184,85.86,1.416,93.72,0.458,0
2,2026-07-11 09:38:09.701502,185,84.58,1.404,96.19,0.463,0
2,2026-07-11 09:43:09.701502,186,85.83,1.329,92.57,0.468,0
2,2026-07-11 09:48:09.701502,187,84.25,1.317,94.67,0.473,0
2,2026-07-11 09:53:09.701502,188,87.49,1.418,91.02,0.478,0
2,2026-07-11 09:58:09.701502,189,86.09,1.423,97.45,0.483,0
2,2026-07-11 10:03:09.701502,190,84.74,1.424,96.76,0.488,0
2,2026-07-11 10:08:09.701502,191,87.21,1.485,94.27,0.493,0
2,2026-07-11 10:13:09.701502,192,87.25,1.509,92.78,0.498,0
2,2026-07-11 10:18:09.701502,193,88.09,1.414,94.38,0.503,0
2,2026-07-11 10:23:09.701502,194,87.43,1.465,93.75,0.509,0
2,2026-07-11 10:28:09.701502,195,86.66,1.455,93.15,0.514,0
2,2026-07-11 10:33:09.701502,196,86.26,1.538,91.85,0.519,0
2,2026-07-11 10:38:09.701502,197,88.63,1.476,92.62,0.525,0
2,2026-07-11 10:43:09.701502,198,87.21,1.615,93.86,0.53,0
2,2026-07-11 10:48:09.701502,199,87.9,1.587,90.1,0.535,0
2,2026-07-11 10:53:09.701502,200,88.29,1.676,93.35,0.541,0
2,2026-07-11 10:58:09.701502,201,88.61,1.617,94.38,0.546,0
2,2026-07-11 11:03:09.701502,202,86.32,1.519,93.25,0.552,0
2,2026-07-11 11:08:09.701502,203,88.05,1.682,92.35,0.557,0
2,2026-07-11 11:13:09.701502,204,86.78,1.567,88.59,0.562,0
2,2026-07-11 11:18:09.701502,205,89.02,1.635,91.96,0.568,0
2,2026-07-11 11:23:09.701502,206,90.79,1.718,92.23,0.574,0
2,2026-07-11 11:28:09.701502,207,87.12,1.703,93.21,0.579,0
2,2026-07-11 11:33:09.701502,208,90.25,1.735,90.52,0.585,0
2,2026-07-11 11:38:09.701502,209,92.49,1.652,93.28,0.59,0
2,2026-07-11 11:43:09.701502,210,88.25,1.668,94.31,0.596,0
2,2026-07-11 11:48:09.701502,211,90.16,1.771,92.28,0.602,0
2,2026-07-11 11:53:09.701502,212,90.55,1.811,91.46,0.607,0
2,2026-07-11 11:58:09.701502,213,88.74,1.717,92.52,0.613,0
2,2026-07-11 12:03:09.701502,214,91.55,1.693,90.49,0.619,0
2,2026-07-11 12:08:09.701502,215,90.59,1.768,89.4,0.625,0
2,2026-07-11 12:13:09.701502,216,90.73,1.764,92.51,0.631,0
2,2026-07-11 12:18:09.701502,217,92.66,1.808,90.64,0.636,0
2,2026-07-11 12:23:09.701502,218,92.07,1.789,89.39,0.642,0
2,2026-07-11 12:28:09.701502,219,90.98,1.813,89.25,0.648,0
2,2026-07-11 12:33:09.701502,220,92.51,1.896,88.5,0.654,0
2,2026-07-11 12:38:09.701502,221,92.55,1.864,91.27,0.66,0
2,2026-07-11 12:43:09.701502,222,92.71,1.817,88.74,0.666,0
2,2026-07-11 12:48:09.701502,223,92.98,1.956,87.2,0.672,0
2,2026-07-11 12:53:09.701502,224,93.57,1.979,90.17,0.678,0
2,2026-07-11 12:58:09.701502,225,94.03,1.9,90.1,0.684,0
2,2026-07-11 13:03:09.701502,226,91.63,1.833,91.57,0.69,0
2,2026-07-11 13:08:09.701502,227,92.61,1.943,87.95,0.696,0
2,2026-07-11 13:13:09.701502,228,92.32,1.972,88.81,0.703,0
2,2026-07-11 13:18:09.701502,229,94.68,2.019,90.27,0.709,0
2,2026-07-11 13:23:09.701502,230,94.73,2.091,88.06,0.715,0
2,2026-07-11 13:28:09.701502,231,94.59,2.084,91.43,0.721,0
2,2026-07-11 13:33:09.701502,232,93.17,2.027,91.45,0.728,0
2,2026-07-11 13:38:09.701502,233,95.71,2.068,88.96,0.734,0
2,2026-07-11 13:43:09.701502,234,94.86,2.089,88.78,0.74,0
2,2026-07-11 13:48:09.701502,235,95.49,2.094,88.02,0.746,0
2,2026-07-11 13:53:09.701502,236,96.4,2.252,86.24,0.753,0
2,2026-07-11 13:58:09.701502,237,96.38,2.084,89.64,0.759,0
2,2026-07-11 14:03:09.701502,238,96.27,2.176,90.41,0.766,0
2,2026-07-11 14:08:09.701502,239,96.67,2.211,85.0,0.772,0
2,2026-07-11 14:13:09.701502,240,98.57,2.189,90.01,0.779,0
2,2026-07-11 14:18:09.701502,241,95.43,2.145,88.48,0.785,0
2,2026-07-11 14:23:09.701502,242,97.1,2.217,89.76,0.792,0
2,2026-07-11 14:28:09.701502,243,95.23,2.268,88.01,0.798,0
2,2026-07-11 14:33:09.701502,244,97.34,2.162,88.62,0.805,0
2,2026-07-11 14:38:09.701502,245,94.91,2.285,85.5,0.811,0
2,2026-07-11 14:43:09.701502,246,98.11,2.263,89.36,0.818,0
2,2026-07-11 14:48:09.701502,247,98.06,2.251,86.71,0.825,0
2,2026-07-11 14:53:09.701502,248,100.04,2.329,86.76,0.831,0
2,2026-07-11 14:58:09.701502,249,98.46,2.241,87.78,0.838,0
2,2026-07-11 15:03:09.701502,250,96.87,2.374,87.26,0.845,0
2,2026-07-11 15:08:09.701502,251,102.08,2.298,86.78,0.852,0
2,2026-07-11 15:13:09.701502,252,101.62,2.43,85.75,0.858,0
2,2026-07-11 15:18:09.701502,253,99.97,2.387,87.08,0.865,0
2,2026-07-11 15:23:09.701502,254,99.1,2.4,84.12,0.872,0
2,2026-07-11 15:28:09.701502,255,100.34,2.444,86.04,0.879,0
2,2026-07-11 15:33:09.701502,256,98.48,2.488,86.79,0.886,0
2,2026-07-11 15:38:09.701502,257,99.79,2.442,83.86,0.893,1
2,2026-07-11 15:43:09.701502,258,99.67,2.447,87.81,0.9,1
2,2026-07-11 15:48:09.701502,259,100.38,2.523,85.02,0.907,1
2,2026-07-11 15:53:09.701502,260,101.69,2.501,87.0,0.914,1
2,2026-07-11 15:58:09.701502,261,101.0,2.447,83.47,0.921,1
2,2026-07-11 16:03:09.701502,262,101.25,2.481,86.02,0.928,1
2,2026-07-11 16:08:09.701502,263,101.58,2.68,82.66,0.935,1
2,2026-07-11 16:13:09.701502,264,102.63,2.523,84.38,0.942,1
2,2026-07-11 16:18:09.701502,265,102.81,2.481,85.33,0.949,1
2,2026-07-11 16:23:09.701502,266,105.17,2.592,85.22,0.956,1
2,2026-07-11 16:28:09.701502,267,104.37,2.625,83.82,0.964,1
2,2026-07-11 16:33:09.701502,268,100.66,2.683,84.38,0.971,1
2,2026-07-11 16:38:09.701502,269,102.43,2.676,83.52,0.978,1
2,2026-07-11 16:43:09.701502,270,103.27,2.718,82.25,0.985,1
2,2026-07-11 16:48:09.701502,271,105.42,2.636,83.11,0.993,1
2,2026-07-11 16:53:09.701502,272,106.72,2.78,84.11,1.0,1
2,2026-07-11 16:58:09.701502,273,103.54,2.716,83.92,1.0,1
2,2026-07-11 17:03:09.701502,274,104.98,2.756,83.62,1.0,1
2,2026-07-11 17:08:09.701502,275,104.93,2.707,82.74,1.0,1
2,2026-07-11 17:13:09.701502,276,106.55,2.73,83.08,1.0,1
2,2026-07-11 17:18:09.701502,277,104.73,2.822,82.64,1.0,1
2,2026-07-11 17:23:09.701502,278,107.75,2.861,81.1,1.0,1
2,2026-07-11 17:28:09.701502,279,107.05,2.816,82.05,1.0,1
2,2026-07-11 17:33:09.701502,280,106.88,2.849,84.11,1.0,1
2,2026-07-11 17:38:09.701502,281,105.84,2.861,81.63,1.0,1
2,2026-07-11 17:43:09.701502,282,106.36,2.966,83.41,1.0,1
2,2026-07-11 17:48:09.701502,283,109.36,3.044,80.76,1.0,1
2,2026-07-11 17:53:09.701502,284,107.66,2.891,80.99,1.0,1
2,2026-07-11 17:58:09.701502,285,107.08,2.916,80.43,1.0,1
2,2026-07-11 18:03:09.701502,286,107.94,2.927,83.11,1.0,1
2,2026-07-11 18:08:09.701502,287,107.28,3.148,81.02,1.0,1
2,2026-07-11 18:13:09.701502,288,108.74,2.962,84.1,1.0,1
2,2026-07-11 18:18:09.701502,289,110.27,3.061,79.36,1.0,1
2,2026-07-11 18:23:09.701502,290,109.45,3.01,83.42,1.0,1
2,2026-07-11 18:28:09.701502,291,110.45,3.09,77.41,1.0,1
2,2026-07-11 18:33:09.701502,292,108.57,3.14,82.73,1.0,1
2,2026-07-11 18:38:09.701502,293,111.36,3.045,81.21,1.0,1
2,2026-07-11 18:43:09.701502,294,111.52,3.062,80.58,1.0,1
2,2026-07-11 18:48:09.701502,295,110.91,3.15,77.66,1.0,1
2,2026-07-11 18:53:09.701502,296,110.47,3.168,80.05,1.0,1
2,2026-07-11 18:58:09.701502,297,110.47,3.183,80.06,1.0,1
2,2026-07-11 19:03:09.701502,298,111.96,3.21,79.34,1.0,1
2,2026-07-11 19:08:09.701502,299,111.82,3.149,80.51,1.0,1
3,2026-07-10 18:13:09.701502,0,65.19,0.384,104.98,0.0,0
3,2026-07-10 18:18:09.701502,1,67.77,0.347,105.98,0.0,0
3,2026-07-10 18:23:09.701502,2,68.68,0.394,104.6,0.0,0
3,2026-07-10 18:28:09.701502,3,65.04,0.409,106.82,0.0,0
3,2026-07-10 18:33:09.701502,4,68.34,0.326,106.0,0.0,0
3,2026-07-10 18:38:09.701502,5,68.6,0.449,103.67,0.0,0
3,2026-07-10 18:43:09.701502,6,67.3,0.408,105.07,0.0,0
3,2026-07-10 18:48:09.701502,7,66.24,0.392,105.84,0.001,0
3,2026-07-10 18:53:09.701502,8,67.69,0.383,104.59,0.001,0
3,2026-07-10 18:58:09.701502,9,69.37,0.327,104.09,0.001,0
3,2026-07-10 19:03:09.701502,10,67.61,0.417,102.72,0.001,0
3,2026-07-10 19:08:09.701502,11,66.04,0.272,105.01,0.001,0
3,2026-07-10 19:13:09.701502,12,66.28,0.355,105.95,0.002,0
3,2026-07-10 19:18:09.701502,13,66.86,0.386,104.5,0.002,0
3,2026-07-10 19:23:09.701502,14,68.45,0.399,103.9,0.002,0
3,2026-07-10 19:28:09.701502,15,67.45,0.429,105.53,0.003,0
3,2026-07-10 19:33:09.701502,16,65.99,0.41,103.3,0.003,0
3,2026-07-10 19:38:09.701502,17,69.37,0.43,105.36,0.003,0
3,2026-07-10 19:43:09.701502,18,67.88,0.369,105.93,0.004,0
3,2026-07-10 19:48:09.701502,19,67.26,0.392,106.21,0.004,0
3,2026-07-10 19:53:09.701502,20,67.05,0.351,103.1,0.005,0
3,2026-07-10 19:58:09.701502,21,66.46,0.291,105.98,0.005,0
3,2026-07-10 20:03:09.701502,22,69.93,0.455,102.44,0.006,0
3,2026-07-10 20:08:09.701502,23,68.65,0.456,104.18,0.006,0
3,2026-07-10 20:13:09.701502,24,67.92,0.286,105.25,0.007,0
3,2026-07-10 20:18:09.701502,25,66.54,0.398,102.5,0.007,0
3,2026-07-10 20:23:09.701502,26,68.49,0.441,103.66,0.008,0
3,2026-07-10 20:28:09.701502,27,66.49,0.283,104.42,0.008,0
3,2026-07-10 20:33:09.701502,28,67.18,0.315,105.49,0.009,0
3,2026-07-10 20:38:09.701502,29,67.36,0.341,103.96,0.01,0
3,2026-07-10 20:43:09.701502,30,69.21,0.426,104.58,0.01,0
3,2026-07-10 20:48:09.701502,31,68.7,0.34,104.81,0.011,0
3,2026-07-10 20:53:09.701502,32,68.16,0.376,105.4,0.012,0
3,2026-07-10 20:58:09.701502,33,67.07,0.427,105.56,0.013,0
3,2026-07-10 21:03:09.701502,34,64.53,0.463,100.15,0.013,0
3,2026-07-10 21:08:09.701502,35,67.32,0.457,104.23,0.014,0
3,2026-07-10 21:13:09.701502,36,66.33,0.353,106.23,0.015,0
3,2026-07-10 21:18:09.701502,37,65.81,0.466,104.59,0.016,0
3,2026-07-10 21:23:09.701502,38,66.72,0.383,103.13,0.017,0
3,2026-07-10 21:28:09.701502,39,69.22,0.451,102.06,0.018,0
3,2026-07-10 21:33:09.701502,40,67.73,0.373,106.56,0.019,0
3,2026-07-10 21:38:09.701502,41,66.63,0.499,104.55,0.02,0
3,2026-07-10 21:43:09.701502,42,66.89,0.387,103.37,0.021,0
3,2026-07-10 21:48:09.701502,43,66.79,0.429,102.72,0.022,0
3,2026-07-10 21:53:09.701502,44,65.73,0.407,101.83,0.023,0
3,2026-07-10 21:58:09.701502,45,67.48,0.383,103.21,0.024,0
3,2026-07-10 22:03:09.701502,46,70.82,0.434,104.86,0.025,0
3,2026-07-10 22:08:09.701502,47,66.33,0.402,104.8,0.026,0
3,2026-07-10 22:13:09.701502,48,67.27,0.482,102.65,0.027,0
3,2026-07-10 22:18:09.701502,49,68.2,0.411,104.68,0.028,0
3,2026-07-10 22:23:09.701502,50,67.81,0.429,104.05,0.029,0
3,2026-07-10 22:28:09.701502,51,67.74,0.47,104.74,0.03,0
3,2026-07-10 22:33:09.701502,52,68.56,0.427,105.55,0.031,0
3,2026-07-10 22:38:09.701502,53,68.42,0.436,104.49,0.033,0
3,2026-07-10 22:43:09.701502,54,70.79,0.388,105.46,0.034,0
3,2026-07-10 22:48:09.701502,55,66.52,0.469,106.65,0.035,0
3,2026-07-10 22:53:09.701502,56,69.43,0.47,103.42,0.037,0
3,2026-07-10 22:58:09.701502,57,68.92,0.452,103.05,0.038,0
3,2026-07-10 23:03:09.701502,58,68.58,0.478,103.05,0.039,0
3,2026-07-10 23:08:09.701502,59,68.01,0.403,104.76,0.041,0
3,2026-07-10 23:13:09.701502,60,69.68,0.486,105.6,0.042,0
3,2026-07-10 23:18:09.701502,61,69.18,0.498,104.58,0.043,0
3,2026-07-10 23:23:09.701502,62,69.02,0.455,107.41,0.045,0
3,2026-07-10 23:28:09.701502,63,68.64,0.452,104.71,0.046,0
3,2026-07-10 23:33:09.701502,64,69.53,0.419,105.72,0.048,0
3,2026-07-10 23:38:09.701502,65,69.17,0.437,105.79,0.049,0
3,2026-07-10 23:43:09.701502,66,70.09,0.434,106.64,0.051,0
3,2026-07-10 23:48:09.701502,67,70.18,0.5,106.33,0.052,0
3,2026-07-10 23:53:09.701502,68,69.64,0.503,102.92,0.054,0
3,2026-07-10 23:58:09.701502,69,70.2,0.532,103.9,0.055,0
3,2026-07-11 00:03:09.701502,70,68.61,0.519,103.74,0.057,0
3,2026-07-11 00:08:09.701502,71,68.02,0.443,104.66,0.059,0
3,2026-07-11 00:13:09.701502,72,66.55,0.531,103.06,0.06,0
3,2026-07-11 00:18:09.701502,73,71.3,0.5,104.74,0.062,0
3,2026-07-11 00:23:09.701502,74,69.32,0.535,104.82,0.064,0
3,2026-07-11 00:28:09.701502,75,69.3,0.584,102.19,0.066,0
3,2026-07-11 00:33:09.701502,76,70.27,0.584,104.63,0.067,0
3,2026-07-11 00:38:09.701502,77,72.28,0.504,101.54,0.069,0
3,2026-07-11 00:43:09.701502,78,68.85,0.58,104.32,0.071,0
3,2026-07-11 00:48:09.701502,79,70.23,0.496,104.68,0.073,0
3,2026-07-11 00:53:09.701502,80,68.7,0.614,107.78,0.075,0
3,2026-07-11 00:58:09.701502,81,70.68,0.59,102.72,0.076,0
3,2026-07-11 01:03:09.701502,82,68.13,0.536,101.78,0.078,0
3,2026-07-11 01:08:09.701502,83,68.63,0.657,103.79,0.08,0
3,2026-07-11 01:13:09.701502,84,70.89,0.56,103.09,0.082,0
3,2026-07-11 01:18:09.701502,85,71.66,0.579,104.1,0.084,0
3,2026-07-11 01:23:09.701502,86,70.34,0.568,101.15,0.086,0
3,2026-07-11 01:28:09.701502,87,68.27,0.577,103.31,0.088,0
3,2026-07-11 01:33:09.701502,88,69.17,0.594,103.26,0.09,0
3,2026-07-11 01:38:09.701502,89,68.2,0.555,103.75,0.092,0
3,2026-07-11 01:43:09.701502,90,71.33,0.548,103.34,0.094,0
3,2026-07-11 01:48:09.701502,91,72.16,0.65,102.92,0.096,0
3,2026-07-11 01:53:09.701502,92,70.45,0.585,103.72,0.099,0
3,2026-07-11 01:58:09.701502,93,71.32,0.653,103.17,0.101,0
3,2026-07-11 02:03:09.701502,94,72.15,0.632,104.11,0.103,0
3,2026-07-11 02:08:09.701502,95,72.29,0.593,100.17,0.105,0
3,2026-07-11 02:13:09.701502,96,73.17,0.651,100.27,0.107,0
3,2026-07-11 02:18:09.701502,97,70.54,0.683,102.38,0.11,0
3,2026-07-11 02:23:09.701502,98,70.86,0.72,101.18,0.112,0
3,2026-07-11 02:28:09.701502,99,70.6,0.666,103.29,0.114,0
3,2026-07-11 02:33:09.701502,100,72.23,0.707,102.96,0.116,0
3,2026-07-11 02:38:09.701502,101,72.31,0.654,102.71,0.119,0
3,2026-07-11 02:43:09.701502,102,71.93,0.684,103.72,0.121,0
3,2026-07-11 02:48:09.701502,103,72.55,0.681,101.3,0.124,0
3,2026-07-11 02:53:09.701502,104,72.05,0.684,102.76,0.126,0
3,2026-07-11 02:58:09.701502,105,74.7,0.665,103.05,0.128,0
3,2026-07-11 03:03:09.701502,106,73.42,0.702,105.88,0.131,0
3,2026-07-11 03:08:09.701502,107,71.77,0.72,101.12,0.133,0
3,2026-07-11 03:13:09.701502,108,71.89,0.722,103.54,0.136,0
3,2026-07-11 03:18:09.701502,109,72.79,0.779,102.08,0.138,0
3,2026-07-11 03:23:09.701502,110,72.1,0.858,102.76,0.141,0
3,2026-07-11 03:28:09.701502,111,71.72,0.694,100.7,0.144,0
3,2026-07-11 03:33:09.701502,112,73.8,0.717,102.26,0.146,0
3,2026-07-11 03:38:09.701502,113,72.69,0.778,100.74,0.149,0
3,2026-07-11 03:43:09.701502,114,71.57,0.76,102.86,0.151,0
3,2026-07-11 03:48:09.701502,115,73.35,0.715,102.92,0.154,0
3,2026-07-11 03:53:09.701502,116,72.15,0.736,100.44,0.157,0
3,2026-07-11 03:58:09.701502,117,74.7,0.8,102.71,0.159,0
3,2026-07-11 04:03:09.701502,118,74.73,0.916,99.18,0.162,0
3,2026-07-11 04:08:09.701502,119,72.45,0.752,100.41,0.165,0
3,2026-07-11 04:13:09.701502,120,72.14,0.774,99.81,0.168,0
3,2026-07-11 04:18:09.701502,121,73.93,0.799,102.3,0.171,0
3,2026-07-11 04:23:09.701502,122,74.24,0.834,100.96,0.173,0
3,2026-07-11 04:28:09.701502,123,76.27,0.822,98.67,0.176,0
3,2026-07-11 04:33:09.701502,124,72.63,0.731,101.43,0.179,0
3,2026-07-11 04:38:09.701502,125,73.78,0.802,104.36,0.182,0
3,2026-07-11 04:43:09.701502,126,74.69,0.869,99.89,0.185,0
3,2026-07-11 04:48:09.701502,127,72.94,0.841,101.49,0.188,0
3,2026-07-11 04:53:09.701502,128,72.01,0.838,101.19,0.191,0
3,2026-07-11 04:58:09.701502,129,74.09,0.814,100.3,0.194,0
3,2026-07-11 05:03:09.701502,130,74.24,0.867,101.96,0.197,0
3,2026-07-11 05:08:09.701502,131,75.85,0.855,100.31,0.2,0
3,2026-07-11 05:13:09.701502,132,75.19,0.908,100.28,0.203,0
3,2026-07-11 05:18:09.701502,133,75.72,0.934,102.8,0.206,0
3,2026-07-11 05:23:09.701502,134,77.02,0.85,100.83,0.209,0
3,2026-07-11 05:28:09.701502,135,75.0,0.896,99.77,0.212,0
3,2026-07-11 05:33:09.701502,136,73.32,0.913,99.53,0.215,0
3,2026-07-11 05:38:09.701502,137,75.32,0.877,98.97,0.219,0
3,2026-07-11 05:43:09.701502,138,75.61,0.932,101.42,0.222,0
3,2026-07-11 05:48:09.701502,139,78.06,0.946,101.21,0.225,0
3,2026-07-11 05:53:09.701502,140,74.26,0.876,102.8,0.228,0
3,2026-07-11 05:58:09.701502,141,74.56,0.897,100.3,0.232,0
3,2026-07-11 06:03:09.701502,142,75.67,0.912,99.83,0.235,0
3,2026-07-11 06:08:09.701502,143,77.37,0.925,98.13,0.238,0
3,2026-07-11 06:13:09.701502,144,77.15,0.998,99.23,0.242,0
3,2026-07-11 06:18:09.701502,145,74.23,0.945,100.01,0.245,0
3,2026-07-11 06:23:09.701502,146,77.65,0.939,99.9,0.248,0
3,2026-07-11 06:28:09.701502,147,77.18,0.88,101.5,0.252,0
3,2026-07-11 06:33:09.701502,148,75.07,1.024,100.26,0.255,0
3,2026-07-11 06:38:09.701502,149,77.91,1.044,96.25,0.259,0
3,2026-07-11 06:43:09.701502,150,75.79,1.032,99.45,0.262,0
3,2026-07-11 06:48:09.701502,151,77.43,1.073,100.59,0.266,0
3,2026-07-11 06:53:09.701502,152,76.72,0.95,98.92,0.269,0
3,2026-07-11 06:58:09.701502,153,77.6,0.997,100.48,0.273,0
3,2026-07-11 07:03:09.701502,154,78.32,1.067,94.87,0.276,0
3,2026-07-11 07:08:09.701502,155,75.82,1.164,98.57,0.28,0
3,2026-07-11 07:13:09.701502,156,75.1,1.14,99.34,0.283,0
3,2026-07-11 07:18:09.701502,157,78.94,1.102,99.93,0.287,0
3,2026-07-11 07:23:09.701502,158,78.17,1.132,102.59,0.291,0
3,2026-07-11 07:28:09.701502,159,79.03,1.027,99.77,0.294,0
3,2026-07-11 07:33:09.701502,160,79.37,1.176,98.38,0.298,0
3,2026-07-11 07:38:09.701502,161,79.53,1.171,102.81,0.302,0
3,2026-07-11 07:43:09.701502,162,77.36,1.109,98.42,0.306,0
3,2026-07-11 07:48:09.701502,163,77.8,1.099,94.65,0.309,0
3,2026-07-11 07:53:09.701502,164,78.0,1.172,97.98,0.313,0
3,2026-07-11 07:58:09.701502,165,80.98,1.163,100.58,0.317,0
3,2026-07-11 08:03:09.701502,166,79.11,1.214,98.99,0.321,0
3,2026-07-11 08:08:09.701502,167,80.57,1.185,99.24,0.325,0
3,2026-07-11 08:13:09.701502,168,79.51,1.177,99.02,0.329,0
3,2026-07-11 08:18:09.701502,169,81.89,1.188,98.96,0.333,0
3,2026-07-11 08:23:09.701502,170,80.85,1.269,98.27,0.337,0
3,2026-07-11 08:28:09.701502,171,76.62,1.247,94.85,0.341,0
3,2026-07-11 08:33:09.701502,172,81.39,1.24,99.6,0.345,0
3,2026-07-11 08:38:09.701502,173,78.68,1.164,98.41,0.349,0
3,2026-07-11 08:43:09.701502,174,79.86,1.227,98.06,0.353,0
3,2026-07-11 08:48:09.701502,175,83.37,1.303,99.43,0.357,0
3,2026-07-11 08:53:09.701502,176,81.2,1.346,97.49,0.361,0
3,2026-07-11 08:58:09.701502,177,77.87,1.273,98.91,0.365,0
3,2026-07-11 09:03:09.701502,178,79.31,1.284,96.57,0.369,0
3,2026-07-11 09:08:09.701502,179,82.43,1.34,98.5,0.373,0
3,2026-07-11 09:13:09.701502,180,81.52,1.312,97.74,0.377,0
3,2026-07-11 09:18:09.701502,181,79.5,1.215,97.58,0.382,0
3,2026-07-11 09:23:09.701502,182,81.45,1.395,99.63,0.386,0
3,2026-07-11 09:28:09.701502,183,83.1,1.295,96.66,0.39,0
3,2026-07-11 09:33:09.701502,184,81.94,1.482,99.32,0.394,0
3,2026-07-11 09:38:09.701502,185,82.86,1.347,95.69,0.399,0
3,2026-07-11 09:43:09.701502,186,82.61,1.322,96.57,0.403,0
3,2026-07-11 09:48:09.701502,187,81.68,1.468,96.31,0.407,0
3,2026-07-11 09:53:09.701502,188,79.04,1.424,95.71,0.412,0
3,2026-07-11 09:58:09.701502,189,82.18,1.406,96.26,0.416,0
3,2026-07-11 10:03:09.701502,190,83.23,1.345,95.8,0.421,0
3,2026-07-11 10:08:09.701502,191,83.25,1.402,94.08,0.425,0
3,2026-07-11 10:13:09.701502,192,83.39,1.5,96.33,0.429,0
3,2026-07-11 10:18:09.701502,193,80.39,1.49,93.82,0.434,0
3,2026-07-11 10:23:09.701502,194,83.28,1.422,94.48,0.438,0
3,2026-07-11 10:28:09.701502,195,82.53,1.468,95.16,0.443,0
3,2026-07-11 10:33:09.701502,196,83.93,1.466,97.51,0.447,0
3,2026-07-11 10:38:09.701502,197,83.72,1.465,94.65,0.452,0
3,2026-07-11 10:43:09.701502,198,81.57,1.526,95.32,0.457,0
3,2026-07-11 10:48:09.701502,199,80.86,1.496,94.41,0.461,0
3,2026-07-11 10:53:09.701502,200,85.76,1.45,93.51,0.466,0
3,2026-07-11 10:58:09.701502,201,85.36,1.614,94.46,0.471,0
3,2026-07-11 11:03:09.701502,202,83.44,1.589,91.99,0.475,0
3,2026-07-11 11:08:09.701502,203,82.13,1.556,97.71,0.48,0
3,2026-07-11 11:13:09.701502,204,84.0,1.587,96.99,0.485,0
3,2026-07-11 11:18:09.701502,205,87.22,1.565,95.17,0.49,0
3,2026-07-11 11:23:09.701502,206,87.05,1.53,96.64,0.494,0
3,2026-07-11 11:28:09.701502,207,83.81,1.623,94.64,0.499,0
3,2026-07-11 11:33:09.701502,208,84.05,1.581,95.32,0.504,0
3,2026-07-11 11:38:09.701502,209,86.56,1.635,94.92,0.509,0
3,2026-07-11 11:43:09.701502,210,86.23,1.606,95.82,0.514,0
3,2026-07-11 11:48:09.701502,211,86.7,1.797,94.05,0.519,0
3,2026-07-11 11:53:09.701502,212,85.33,1.717,95.75,0.524,0
3,2026-07-11 11:58:09.701502,213,85.42,1.671,95.23,0.528,0
3,2026-07-11 12:03:09.701502,214,85.24,1.683,94.45,0.533,0
3,2026-07-11 12:08:09.701502,215,87.6,1.686,91.46,0.538,0
3,2026-07-11 12:13:09.701502,216,84.28,1.666,92.15,0.543,0
3,2026-07-11 12:18:09.701502,217,86.57,1.682,92.96,0.549,0
3,2026-07-11 12:23:09.701502,218,86.01,1.732,95.9,0.554,0
3,2026-07-11 12:28:09.701502,219,87.91,1.767,93.12,0.559,0
3,2026-07-11 12:33:09.701502,220,86.77,1.796,94.59,0.564,0
3,2026-07-11 12:38:09.701502,221,86.38,1.794,90.56,0.569,0
3,2026-07-11 12:43:09.701502,222,87.91,1.843,93.09,0.574,0
3,2026-07-11 12:48:09.701502,223,90.01,1.774,93.73,0.579,0
3,2026-07-11 12:53:09.701502,224,87.97,1.826,93.13,0.584,0
3,2026-07-11 12:58:09.701502,225,88.33,1.887,95.26,0.59,0
3,2026-07-11 13:03:09.701502,226,88.38,1.898,92.04,0.595,0
3,2026-07-11 13:08:09.701502,227,89.49,1.832,94.62,0.6,0
3,2026-07-11 13:13:09.701502,228,91.41,1.878,89.59,0.606,0
3,2026-07-11 13:18:09.701502,229,88.28,1.959,93.6,0.611,0
3,2026-07-11 13:23:09.701502,230,89.43,1.961,93.39,0.616,0
3,2026-07-11 13:28:09.701502,231,90.78,1.97,94.84,0.622,0
3,2026-07-11 13:33:09.701502,232,89.94,1.983,91.99,0.627,0
3,2026-07-11 13:38:09.701502,233,88.97,2.036,92.67,0.632,0
3,2026-07-11 13:43:09.701502,234,90.85,1.971,91.35,0.638,0
3,2026-07-11 13:48:09.701502,235,90.09,2.05,92.96,0.643,0
3,2026-07-11 13:53:09.701502,236,88.21,1.981,94.69,0.649,0
3,2026-07-11 13:58:09.701502,237,90.2,1.916,94.74,0.654,0
3,2026-07-11 14:03:09.701502,238,91.47,2.016,91.23,0.66,0
3,2026-07-11 14:08:09.701502,239,92.15,2.006,93.4,0.665,0
3,2026-07-11 14:13:09.701502,240,91.69,2.06,91.79,0.671,0
3,2026-07-11 14:18:09.701502,241,91.03,2.114,90.16,0.677,0
3,2026-07-11 14:23:09.701502,242,89.49,2.106,92.29,0.682,0
3,2026-07-11 14:28:09.701502,243,92.21,2.11,90.75,0.688,0
3,2026-07-11 14:33:09.701502,244,92.78,2.101,90.39,0.693,0
3,2026-07-11 14:38:09.701502,245,91.66,2.219,88.4,0.699,0
3,2026-07-11 14:43:09.701502,246,92.83,2.048,90.73,0.705,0
3,2026-07-11 14:48:09.701502,247,91.91,2.042,91.36,0.711,0
3,2026-07-11 14:53:09.701502,248,92.18,2.056,91.92,0.716,0
3,2026-07-11 14:58:09.701502,249,94.56,2.25,91.08,0.722,0
3,2026-07-11 15:03:09.701502,250,93.1,2.256,92.95,0.728,0
3,2026-07-11 15:08:09.701502,251,94.61,2.158,90.61,0.734,0
3,2026-07-11 15:13:09.701502,252,93.98,2.129,90.9,0.74,0
3,2026-07-11 15:18:09.701502,253,96.38,2.266,92.29,0.746,0
3,2026-07-11 15:23:09.701502,254,94.08,2.245,90.53,0.752,0
3,2026-07-11 15:28:09.701502,255,93.09,2.215,91.74,0.757,0
3,2026-07-11 15:33:09.701502,256,95.93,2.229,91.17,0.763,0
3,2026-07-11 15:38:09.701502,257,94.38,2.31,90.29,0.769,0
3,2026-07-11 15:43:09.701502,258,95.89,2.312,91.6,0.775,0
3,2026-07-11 15:48:09.701502,259,95.28,2.355,88.11,0.781,0
3,2026-07-11 15:53:09.701502,260,97.71,2.362,90.31,0.787,0
3,2026-07-11 15:58:09.701502,261,93.4,2.313,90.98,0.793,0
3,2026-07-11 16:03:09.701502,262,95.89,2.273,90.55,0.8,0
3,2026-07-11 16:08:09.701502,263,95.11,2.455,88.74,0.806,0
3,2026-07-11 16:13:09.701502,264,96.22,2.459,87.41,0.812,0
3,2026-07-11 16:18:09.701502,265,95.0,2.405,89.87,0.818,0
3,2026-07-11 16:23:09.701502,266,94.81,2.347,89.74,0.824,0
3,2026-07-11 16:28:09.701502,267,95.9,2.426,85.6,0.83,0
3,2026-07-11 16:33:09.701502,268,96.03,2.461,89.65,0.837,0
3,2026-07-11 16:38:09.701502,269,96.14,2.56,87.1,0.843,0
3,2026-07-11 16:43:09.701502,270,96.46,2.57,88.32,0.849,0
3,2026-07-11 16:48:09.701502,271,96.84,2.501,89.91,0.855,0
3,2026-07-11 16:53:09.701502,272,99.48,2.484,87.69,0.862,0
3,2026-07-11 16:58:09.701502,273,98.05,2.491,87.54,0.868,0
3,2026-07-11 17:03:09.701502,274,98.18,2.613,89.31,0.875,0
3,2026-07-11 17:08:09.701502,275,98.0,2.562,88.37,0.881,0
3,2026-07-11 17:13:09.701502,276,97.92,2.618,87.11,0.887,0
3,2026-07-11 17:18:09.701502,277,97.68,2.557,89.28,0.894,0
3,2026-07-11 17:23:09.701502,278,98.88,2.703,86.21,0.9,1
3,2026-07-11 17:28:09.701502,279,99.65,2.756,85.27,0.907,1
3,2026-07-11 17:33:09.701502,280,97.25,2.717,85.48,0.913,1
3,2026-07-11 17:38:09.701502,281,99.73,2.64,87.0,0.92,1
3,2026-07-11 17:43:09.701502,282,98.84,2.677,87.14,0.926,1
3,2026-07-11 17:48:09.701502,283,99.0,2.667,85.81,0.933,1
3,2026-07-11 17:53:09.701502,284,98.73,2.698,86.38,0.94,1
3,2026-07-11 17:58:09.701502,285,100.2,2.722,86.04,0.946,1
3,2026-07-11 18:03:09.701502,286,100.12,2.786,88.09,0.953,1
3,2026-07-11 18:08:09.701502,287,100.58,2.793,85.44,0.959,1
3,2026-07-11 18:13:09.701502,288,101.82,2.864,86.43,0.966,1
3,2026-07-11 18:18:09.701502,289,99.48,2.825,87.38,0.973,1
3,2026-07-11 18:23:09.701502,290,101.58,2.869,84.36,0.98,1
3,2026-07-11 18:28:09.701502,291,100.3,2.843,82.63,0.986,1
3,2026-07-11 18:33:09.701502,292,102.03,2.917,82.26,0.993,1
3,2026-07-11 18:38:09.701502,293,101.03,2.818,84.89,1.0,1
3,2026-07-11 18:43:09.701502,294,102.36,2.957,86.28,1.0,1
3,2026-07-11 18:48:09.701502,295,103.63,2.911,85.3,1.0,1
3,2026-07-11 18:53:09.701502,296,102.25,2.964,82.91,1.0,1
3,2026-07-11 18:58:09.701502,297,104.53,2.998,84.75,1.0,1
3,2026-07-11 19:03:09.701502,298,103.55,2.976,80.01,1.0,1
3,2026-07-11 19:08:09.701502,299,104.37,2.968,84.08,1.0,1
